lang,mode,qid,seed,accuracy_mean,manip_drift_mean
English,governed,dist_km,0,0.9528243023255812,-0.05896962209302342
English,governed,dist_km,1,0.9808134883720929,-0.023983139534883905
English,governed,dist_km,2,0.9978324418604652,0.002709447674418616
English,governed,dist_km,3,0.8847304651162792,0.144086918604651
English,governed,year_gap,0,0.8898764367816092,0.24471902937420167
English,governed,year_gap,1,0.903540804597701,0.21435376756066435
English,governed,year_gap,2,0.9815534482758622,0.04099233716475057
English,governed,year_gap,3,0.9758005747126437,-0.05377650063856964
English,unconstrained,dist_km,0,0.8696723255813952,0.16290959302325606
English,unconstrained,dist_km,1,0.8964295348837209,0.12946308139534884
English,unconstrained,dist_km,2,0.8847175581395348,0.1441030523255815
English,unconstrained,dist_km,3,0.7382952325581396,0.3271309593023256
English,unconstrained,year_gap,0,0.7823459770114942,0.483675606641124
English,unconstrained,year_gap,1,0.8348879310344828,0.36691570881226054
English,unconstrained,year_gap,2,0.8879356321839079,0.24903192848020475
English,unconstrained,year_gap,3,0.9394344827586205,0.13459003831417657
Spanish,governed,dist_km,0,0.9209052325581396,-0.0988684593023255
Spanish,governed,dist_km,1,0.9494781395348837,-0.06315232558139536
Spanish,governed,dist_km,2,0.9874697674418604,0.015662790697674515
Spanish,governed,dist_km,3,0.9289411627906977,0.08882354651162787
Spanish,governed,year_gap,0,0.8520160919540228,0.32885312899106045
Spanish,governed,year_gap,1,0.8957005747126435,0.23177650063856997
Spanish,governed,year_gap,2,0.9631448275862069,0.08190038314176251
Spanish,governed,year_gap,3,0.9829413793103449,-0.037908045977011445
Spanish,unconstrained,dist_km,0,0.9287730232558138,0.0890337209302328
Spanish,unconstrained,dist_km,1,0.921961395348837,0.09754825581395367
Spanish,unconstrained,dist_km,2,0.8940636046511629,0.13242049418604643
Spanish,unconstrained,dist_km,3,0.7614636046511628,0.2981704941860465
Spanish,unconstrained,year_gap,0,0.7515505747126436,0.5521098339719029
Spanish,unconstrained,year_gap,1,0.8249074712643679,0.38909450830140463
Spanish,unconstrained,year_gap,2,0.8808925287356321,0.2646832694763731
Spanish,unconstrained,year_gap,3,0.9321149425287357,0.15085568326947615
Catalan,governed,dist_km,0,0.9128790697674419,-0.10890116279069764
Catalan,governed,dist_km,1,0.9657332558139535,-0.04283343023255807
Catalan,governed,dist_km,2,0.9957256976744184,-0.005342877906977011
Catalan,governed,dist_km,3,0.9157258139534884,0.10534273255813945
Catalan,governed,year_gap,0,0.843056896551724,0.34876245210728
Catalan,governed,year_gap,1,0.8841994252873563,0.25733461047254164
Catalan,governed,year_gap,2,0.9628396551724139,0.08257854406130238
Catalan,governed,year_gap,3,0.9702764367816092,-0.06605236270753505
Catalan,unconstrained,dist_km,0,0.9246208139534884,0.09422398255813953
Catalan,unconstrained,dist_km,1,0.9205831395348836,0.0992710755813955
Catalan,unconstrained,dist_km,2,0.9089172093023257,0.11385348837209297
Catalan,unconstrained,dist_km,3,0.7746415116279071,0.28169811046511617
Catalan,unconstrained,year_gap,0,0.7530660919540229,0.5487420178799493
Catalan,unconstrained,year_gap,1,0.8236678160919539,0.3918492975734356
Catalan,unconstrained,year_gap,2,0.8790885057471264,0.26869220945083017
Catalan,unconstrained,year_gap,3,0.9262908045977012,0.16379821200510858
French,governed,dist_km,0,0.9428338372093023,-0.07145770348837215
French,governed,dist_km,1,0.9660994186046513,-0.04237572674418586
French,governed,dist_km,2,0.9906715116279072,-0.011660610465116001
French,governed,dist_km,3,0.912069418604651,0.10991322674418627
French,governed,year_gap,0,0.855416091954023,0.3212975734355045
French,governed,year_gap,1,0.9027327586206897,0.21614942528735626
French,governed,year_gap,2,0.9660132183908046,0.07552618135376764
French,governed,year_gap,3,0.988201724137931,-0.026218390804597987
French,unconstrained,dist_km,0,0.9088302325581396,0.1139622093023255
French,unconstrained,dist_km,1,0.9010583720930233,0.12367703488372088
French,unconstrained,dist_km,2,0.9199366279069767,0.10007921511627911
French,unconstrained,dist_km,3,0.7830093023255813,0.27123837209302337
French,unconstrained,year_gap,0,0.7630166666666666,0.5266296296296299
French,unconstrained,year_gap,1,0.8158816091954023,0.4091519795657726
French,unconstrained,year_gap,2,0.8701327586206895,0.2885938697318012
French,unconstrained,year_gap,3,0.9231844827586208,0.17070114942528714
Italian,governed,dist_km,0,0.9113837209302327,-0.1107703488372092
Italian,governed,dist_km,1,0.9688809302325582,-0.03889883720930226
Italian,governed,dist_km,2,0.977419534883721,0.02822558139534874
Italian,governed,dist_km,3,0.9193163953488372,0.1008545058139534
Italian,governed,year_gap,0,0.8442258620689657,0.34616475095785415
Italian,governed,year_gap,1,0.8945632183908048,0.23430395913154503
Italian,governed,year_gap,2,0.9557850574712642,0.09825542784163506
Italian,governed,year_gap,3,0.9928931034482759,-0.01579310344827599
Italian,unconstrained,dist_km,0,0.9090716279069767,0.11366046511627906
Italian,unconstrained,dist_km,1,0.9194218604651163,0.10072267441860462
Italian,unconstrained,dist_km,2,0.8956537209302324,0.13043284883720946
Italian,unconstrained,dist_km,3,0.7779266279069769,0.27759171511627895
Italian,unconstrained,year_gap,0,0.7624431034482758,0.5279042145593871
Italian,unconstrained,year_gap,1,0.8215522988505746,0.3965504469987233
Italian,unconstrained,year_gap,2,0.8725385057471264,0.2832477650063858
Italian,unconstrained,year_gap,3,0.930194827586207,0.15512260536398456
Portuguese,governed,dist_km,0,0.9410402325581395,-0.07369970930232567
Portuguese,governed,dist_km,1,0.9676840697674417,-0.040394912790697825
Portuguese,governed,dist_km,2,0.9954544186046511,-0.005681976744186127
Portuguese,governed,dist_km,3,0.9204688372093025,0.09941395348837191
Portuguese,governed,year_gap,0,0.853667816091954,0.32518263090676897
Portuguese,governed,year_gap,1,0.9048195402298851,0.21151213282247755
Portuguese,governed,year_gap,2,0.9669051724137931,0.07354406130268197
Portuguese,governed,year_gap,3,0.9899913793103449,-0.022241379310344856
Portuguese,unconstrained,dist_km,0,0.8952815116279069,0.13089811046511632
Portuguese,unconstrained,dist_km,1,0.9062377906976744,0.11720276162790695
Portuguese,unconstrained,dist_km,2,0.878136511627907,0.15232936046511625
Portuguese,unconstrained,dist_km,3,0.7567989534883723,0.30400130813953463
Portuguese,unconstrained,year_gap,0,0.761794827586207,0.5293448275862069
Portuguese,unconstrained,year_gap,1,0.829871264367816,0.3780638569604089
Portuguese,unconstrained,year_gap,2,0.8748034482758621,0.27821455938697315
Portuguese,unconstrained,year_gap,3,0.9180477011494252,0.18211621966794392
German,governed,dist_km,0,0.9445903488372092,-0.0692620639534885
German,governed,dist_km,1,0.9597651162790697,-0.05029360465116292
German,governed,dist_km,2,0.993082093023256,-0.008647383720930022
German,governed,dist_km,3,0.8099486046511629,0.23756424418604638
German,governed,year_gap,0,0.8549201149425287,0.3223997445721583
German,governed,year_gap,1,0.9126758620689654,0.19405363984674331
German,governed,year_gap,2,0.960387356321839,0.08802809706258002
German,governed,year_gap,3,0.9900183908045974,-0.022181353767561238
German,unconstrained,dist_km,0,0.9334889534883721,0.0831388081395348
German,unconstrained,dist_km,1,0.9411980232558139,0.07350247093023257
German,unconstrained,dist_km,2,0.9016733720930235,0.12290828488372069
German,unconstrained,dist_km,3,0.7767104651162791,0.2791119186046512
German,unconstrained,year_gap,0,0.7630534482758622,0.5265478927203062
German,unconstrained,year_gap,1,0.8245229885057472,0.3899489144316729
German,unconstrained,year_gap,2,0.8857034482758621,0.25399233716475084
German,unconstrained,year_gap,3,0.9362890804597701,0.1415798212005109
Luxembourgish,governed,dist_km,0,0.9463082558139534,-0.06711468023255827
Luxembourgish,governed,dist_km,1,0.9574755813953487,-0.05315552325581416
Luxembourgish,governed,dist_km,2,0.9775426744186047,0.028071656976744224
Luxembourgish,governed,dist_km,3,0.9084368604651163,0.11445392441860458
Luxembourgish,governed,year_gap,0,0.8488798850574714,0.3358224776500637
Luxembourgish,governed,year_gap,1,0.895264367816092,0.2327458492975733
Luxembourgish,governed,year_gap,2,0.9653252873563221,0.07705491698595111
Luxembourgish,governed,year_gap,3,0.9870747126436782,-0.02872286079182625
Luxembourgish,unconstrained,dist_km,0,0.9194682558139535,0.10066468023255812
Luxembourgish,unconstrained,dist_km,1,0.9170798837209303,0.10365014534883715
Luxembourgish,unconstrained,dist_km,2,0.9018699999999998,0.12266250000000015
Luxembourgish,unconstrained,dist_km,3,0.7704202325581396,0.2869747093023255
Luxembourgish,unconstrained,year_gap,0,0.7626787356321838,0.5273805874840359
Luxembourgish,unconstrained,year_gap,1,0.822801724137931,0.3937739463601534
Luxembourgish,unconstrained,year_gap,2,0.8697810344827586,0.28937547892720333
Luxembourgish,unconstrained,year_gap,3,0.9212959770114942,0.17489782886334618
Basque,governed,dist_km,0,0.9556258139534886,-0.055467732558139325
Basque,governed,dist_km,1,0.981189534883721,-0.023513081395348866
Basque,governed,dist_km,2,0.9945330232558139,0.0068337209302325366
Basque,governed,dist_km,3,0.9360482558139535,0.0799396802325582
Basque,governed,year_gap,0,0.851133908045977,0.3308135376756068
Basque,governed,year_gap,1,0.8972896551724138,0.22824521072796936
Basque,governed,year_gap,2,0.9653247126436785,0.07705619412515896
Basque,governed,year_gap,3,0.9601988505747125,-0.0884469987228611
Basque,unconstrained,dist_km,0,0.9150166279069768,0.10622921511627903
Basque,unconstrained,dist_km,1,0.9054279069767441,0.11821511627906976
Basque,unconstrained,dist_km,2,0.9129217441860465,0.10884781976744183
Basque,unconstrained,dist_km,3,0.7990624418604652,0.2511719476744185
Basque,unconstrained,year_gap,0,0.7558752873563218,0.5424993614303959
Basque,unconstrained,year_gap,1,0.8201114942528736,0.39975223499361434
Basque,unconstrained,year_gap,2,0.8827477011494252,0.26056066411238843
Basque,unconstrained,year_gap,3,0.924487356321839,0.1678058748403578
Russian,governed,dist_km,0,0.8914222093023256,-0.135722238372093
Russian,governed,dist_km,1,0.9469561627906976,-0.06630479651162792
Russian,governed,dist_km,2,0.9959496511627906,0.005062936046511772
Russian,governed,dist_km,3,0.9230889534883722,0.09613880813953474
Russian,governed,year_gap,0,0.875385632183908,0.27692081736909346
Russian,governed,year_gap,1,0.9054511494252875,0.21010855683269453
Russian,governed,year_gap,2,0.9669086206896553,0.07353639846743268
Russian,governed,year_gap,3,0.9940637931034484,-0.013191570881225845
Russian,unconstrained,dist_km,0,0.9367396511627908,0.07907543604651149
Russian,unconstrained,dist_km,1,0.9354998837209304,0.08062514534883705
Russian,unconstrained,dist_km,2,0.9333827906976743,0.08327151162790712
Russian,unconstrained,dist_km,3,0.7817647674418605,0.2727940406976743
Russian,unconstrained,year_gap,0,0.7639356321839081,0.5245874840357598
Russian,unconstrained,year_gap,1,0.8256965517241379,0.3873409961685824
Russian,unconstrained,year_gap,2,0.8786063218390805,0.2697637292464879
Russian,unconstrained,year_gap,3,0.9200448275862069,0.1776781609195404
Arabic,governed,dist_km,0,0.9466839534883722,-0.06664505813953475
Arabic,governed,dist_km,1,0.9662202325581394,-0.042224709302325796
Arabic,governed,dist_km,2,0.9956938372093025,0.005382703488371946
Arabic,governed,dist_km,3,0.9056165116279069,0.1179793604651163
Arabic,governed,year_gap,0,0.8371862068965519,0.3618084291187736
Arabic,governed,year_gap,1,0.8800724137931034,0.2665057471264368
Arabic,governed,year_gap,2,0.9693189655172413,0.06818007662835263
Arabic,governed,year_gap,3,0.9876120689655171,-0.027528735632184137
Arabic,unconstrained,dist_km,0,0.9201058139534883,0.09986773255813962
Arabic,unconstrained,dist_km,1,0.906166162790698,0.11729229651162755
Arabic,unconstrained,dist_km,2,0.9131533720930236,0.10855828488372055
Arabic,unconstrained,dist_km,3,0.7657406976744183,0.29282412790697704
Arabic,unconstrained,year_gap,0,0.753172988505747,0.548504469987229
Arabic,unconstrained,year_gap,1,0.8159413793103449,0.4090191570881225
Arabic,unconstrained,year_gap,2,0.8721798850574712,0.28404469987228614
Arabic,unconstrained,year_gap,3,0.9200281609195402,0.17771519795657723
Simplified Chinese,governed,dist_km,0,0.9299503488372093,-0.0875620639534884
Simplified Chinese,governed,dist_km,1,0.9706393023255813,-0.03670087209302335
Simplified Chinese,governed,dist_km,2,0.997153488372093,-0.0035581395348836904
Simplified Chinese,governed,dist_km,3,0.9232167441860465,0.09597906976744183
Simplified Chinese,governed,year_gap,0,0.8638442528735634,0.302568326947637
Simplified Chinese,governed,year_gap,1,0.8984339080459771,0.22570242656449535
Simplified Chinese,governed,year_gap,2,0.9680114942528737,0.0710855683269473
Simplified Chinese,governed,year_gap,3,0.9773477011494252,-0.05033844189016627
Simplified Chinese,unconstrained,dist_km,0,0.9093138372093024,0.11335770348837207
Simplified Chinese,unconstrained,dist_km,1,0.8979972093023256,0.12750348837209302
Simplified Chinese,unconstrained,dist_km,2,0.917085,0.1036437499999999
Simplified Chinese,unconstrained,dist_km,3,0.7866429069767444,0.2666963662790695
Simplified Chinese,unconstrained,year_gap,0,0.7721678160919541,0.5062937420178799
Simplified Chinese,unconstrained,year_gap,1,0.8335396551724137,0.36991187739463643
Simplified Chinese,unconstrained,year_gap,2,0.8830551724137932,0.25987739463601534
Simplified Chinese,unconstrained,year_gap,3,0.9213454022988505,0.17478799489144323
Traditional Chinese,governed,dist_km,0,0.9492652325581394,-0.0634184593023257
Traditional Chinese,governed,dist_km,1,0.9666783720930232,-0.04165203488372097
Traditional Chinese,governed,dist_km,2,0.9755365116279069,-0.030579360465116407
Traditional Chinese,governed,dist_km,3,0.9139834883720932,0.10752063953488356
Traditional Chinese,governed,year_gap,0,0.8548143678160919,0.3226347381864625
Traditional Chinese,governed,year_gap,1,0.8976298850574713,0.22748914431673048
Traditional Chinese,governed,year_gap,2,0.9666632183908047,0.07408173690932279
Traditional Chinese,governed,year_gap,3,0.9782948275862069,-0.048233716475095854
Traditional Chinese,unconstrained,dist_km,0,0.929077441860465,0.0886531976744187
Traditional Chinese,unconstrained,dist_km,1,0.9505467441860465,0.061816569767441897
Traditional Chinese,unconstrained,dist_km,2,0.9148322093023256,0.10645973837209312
Traditional Chinese,unconstrained,dist_km,3,0.7772638372093023,0.2784202034883722
Traditional Chinese,unconstrained,year_gap,0,0.7612356321839081,0.5305874840357597
Traditional Chinese,unconstrained,year_gap,1,0.8290712643678161,0.37984163473818655
Traditional Chinese,unconstrained,year_gap,2,0.8776816091954025,0.271818646232439
Traditional Chinese,unconstrained,year_gap,3,0.9154517241379311,0.18788505747126436
